{
  "project_info": {
    "project_number": "970148721907",
    "project_id": "yelahanka-gds-training",
    "storage_bucket": "yelahanka-gds-training.firebasestorage.app"
  },
  "client": [
    {
      "client_info": {
        "mobilesdk_app_id": "1:970148721907:android:c1adb91d81b32ca6fef386",
        "android_client_info": {
          "package_name": "in.dop.yelahanka.gds"
        }
      },
      "oauth_client": [],
      "api_key": [
        {
          "current_key": "AIzaSyDyk8_5h7WeTk5UvYqqgqe0JF8kPqlu3YE"
        }
      ],
      "services": {
        "appinvite_service": {
          "other_platform_oauth_client": []
        }
      }
    }
  ],
  "configuration_version": "1"
}